id;lastname;firstname;position;email;phone;mobile
1000;Jehu;Eadie;Geschäftsführung;jehu@xycorp.xyz;0123/456781;0199/123456781
1001;Kermit;Joy;Geschäftsführung;kermit@xycorp.xyz;0123/456782;0199/123456782
1002;Ackerley;Karlee;Geschäftsführung;ackerley@xycorp.xyz;0123/456783;0199/123456783
1003;Buttaro;Madeleine;Bereichsleitung;buttaro@xycorp.xyz;0123/456784;0199/123456784
1004;Shaver;Jennica;Bereichsleitung;shaver@xycorp.xyz;0123/456785;0199/123456785
1005;Fulmer;Ermengarde;Bereichsleitung;fulmer@xycorp.xyz;0123/456786;0199/123456786
1006;Pozzy;Almeta;Bereichsleitung;pozzy@xycorp.xyz;0123/456787;0199/123456787
1007;Buckler;Gilda;Empfang;buckler@xycorp.xyz;0123/456788;0199/123456788
1008;Philoo;Trixi;Empfang;philoo@xycorp.xyz;0123/456789;0199/123456789
1009;Lia;Katharina;Empfang;lia@xycorp.xyz;0123/4567810;0199/1234567810
1010;Thunell;Kaja;Softwareentwicklung;thunell@xycorp.xyz;0123/4567811;0199/1234567811
1011;Arquit;Melina;Buchhaltung;arquit@xycorp.xyz;0123/4567812;0199/1234567812
1012;Glovsky;Jorry;Mediengestaltung;glovsky@xycorp.xyz;0123/4567813;0199/1234567813
1013;Dermott;Jean;Mediengestaltung;dermott@xycorp.xyz;0123/4567814;0199/1234567814
1014;Garbe;Sarette;Produktentwicklung;garbe@xycorp.xyz;0123/4567815;0199/1234567815
1015;Levey;Roz;Softwareentwicklung;levey@xycorp.xyz;0123/4567816;0199/1234567816
1016;Means;Marleah;Vertrieb;means@xycorp.xyz;0123/4567817;0199/1234567817
1017;Clara;Kate;Vertrieb;clara@xycorp.xyz;0123/4567818;0199/1234567818
1018;Harned;Sam;Vertrieb;harned@xycorp.xyz;0123/4567819;0199/1234567819
1019;Ivens;Cissiee;Buchhaltung;ivens@xycorp.xyz;0123/4567820;0199/1234567820
1020;Winthorpe;Carly;Vertrieb;winthorpe@xycorp.xyz;0123/4567821;0199/1234567821
1021;Rosette;Jorry;Teamleitung;rosette@xycorp.xyz;0123/4567822;0199/1234567822
1022;Pandolfi;Marinna;Produktentwicklung;pandolfi@xycorp.xyz;0123/4567823;0199/1234567823
1023;Louanna;Penelopa;Projektmanagement;louanna@xycorp.xyz;0123/4567824;0199/1234567824
1024;Jerald;Jan;Mediengestaltung;jerald@xycorp.xyz;0123/4567825;0199/1234567825
1025;Rosette;Aeriela;Projektmanagement;rosette@xycorp.xyz;0123/4567826;0199/1234567826
1026;Vacuva;Althea;Mediengestaltung;vacuva@xycorp.xyz;0123/4567827;0199/1234567827
1027;Dielu;Lauryn;Produktentwicklung;dielu@xycorp.xyz;0123/4567828;0199/1234567828
1028;Germann;Inga;Vertrieb;germann@xycorp.xyz;0123/4567829;0199/1234567829
1029;Loring;Dyann;Marketing;loring@xycorp.xyz;0123/4567830;0199/1234567830
1030;Norrie;Chickie;Marketing;norrie@xycorp.xyz;0123/4567831;0199/1234567831
1031;Sprage;Elora;Softwareentwicklung;sprage@xycorp.xyz;0123/4567832;0199/1234567832
1032;Edmund;Claresta;Buchhaltung;edmund@xycorp.xyz;0123/4567833;0199/1234567833
1033;Quinn;Lelah;Softwareentwicklung;quinn@xycorp.xyz;0123/4567834;0199/1234567834
1034;Eiser;Mariele;Buchhaltung;eiser@xycorp.xyz;0123/4567835;0199/1234567835
1035;Longfellow;Konstance;Teamleitung;longfellow@xycorp.xyz;0123/4567836;0199/1234567836
1036;Tannie;Perry;Vertrieb;tannie@xycorp.xyz;0123/4567837;0199/1234567837
1037;Newell;Bobinette;Softwareentwicklung;newell@xycorp.xyz;0123/4567838;0199/1234567838
1038;Wooster;Dorene;Marketing;wooster@xycorp.xyz;0123/4567839;0199/1234567839
1039;Saunderson;Odessa;Softwareentwicklung;saunderson@xycorp.xyz;0123/4567840;0199/1234567840
1040;Nikaniki;Gratia;Softwareentwicklung;nikaniki@xycorp.xyz;0123/4567841;0199/1234567841
1041;Kat;Nariko;Softwareentwicklung;kat@xycorp.xyz;0123/4567842;0199/1234567842
1042;Rustice;Fredericka;Vertrieb;rustice@xycorp.xyz;0123/4567843;0199/1234567843
1043;Richers;Sharlene;Buchhaltung;richers@xycorp.xyz;0123/4567844;0199/1234567844
1044;Cookie;Leanna;Mediengestaltung;cookie@xycorp.xyz;0123/4567845;0199/1234567845
1045;Heidt;Janey;Projektmanagement;heidt@xycorp.xyz;0123/4567846;0199/1234567846
1046;Lalitta;Madeleine;Mediengestaltung;lalitta@xycorp.xyz;0123/4567847;0199/1234567847
1047;Gaynor;Annora;Teamleitung;gaynor@xycorp.xyz;0123/4567848;0199/1234567848
1048;Vale;Aili;Buchhaltung;vale@xycorp.xyz;0123/4567849;0199/1234567849
1049;Hashim;Ketti;Marketing;hashim@xycorp.xyz;0123/4567850;0199/1234567850
1050;Hepsibah;Kalina;Marketing;hepsibah@xycorp.xyz;0123/4567851;0199/1234567851
1051;Stuart;Layla;Teamleitung;stuart@xycorp.xyz;0123/4567852;0199/1234567852
1052;Tommy;Alexine;Marketing;tommy@xycorp.xyz;0123/4567853;0199/1234567853
1053;Gemini;Anallese;Marketing;gemini@xycorp.xyz;0123/4567854;0199/1234567854
1054;Harriman;Charissa;Buchhaltung;harriman@xycorp.xyz;0123/4567855;0199/1234567855
1055;Fairweather;Britte;Marketing;fairweather@xycorp.xyz;0123/4567856;0199/1234567856
1056;Fitzsimmons;Ayn;Softwareentwicklung;fitzsimmons@xycorp.xyz;0123/4567857;0199/1234567857
1057;Fairweather;Arlina;Produktentwicklung;fairweather@xycorp.xyz;0123/4567858;0199/1234567858
1058;Valoniah;Elora;Vertrieb;valoniah@xycorp.xyz;0123/4567859;0199/1234567859
1059;Gladstone;Marylou;Marketing;gladstone@xycorp.xyz;0123/4567860;0199/1234567860
1060;Henrie;Charlena;Buchhaltung;henrie@xycorp.xyz;0123/4567861;0199/1234567861
1061;Genna;Micheline;Vertrieb;genna@xycorp.xyz;0123/4567862;0199/1234567862
1062;Izaak;Cam;Projektmanagement;izaak@xycorp.xyz;0123/4567863;0199/1234567863
1063;Ahab;Tonia;Projektmanagement;ahab@xycorp.xyz;0123/4567864;0199/1234567864
1064;Nikaniki;Mignon;Mediengestaltung;nikaniki@xycorp.xyz;0123/4567865;0199/1234567865
1065;Breed;Millie;Buchhaltung;breed@xycorp.xyz;0123/4567866;0199/1234567866
1066;Berl;Sidoney;Marketing;berl@xycorp.xyz;0123/4567867;0199/1234567867
1067;Khorma;Jemie;Softwareentwicklung;khorma@xycorp.xyz;0123/4567868;0199/1234567868
1068;Syd;Nataline;Buchhaltung;syd@xycorp.xyz;0123/4567869;0199/1234567869
1069;Junie;Therine;Mediengestaltung;junie@xycorp.xyz;0123/4567870;0199/1234567870
1070;Lorenz;Fayre;Produktentwicklung;lorenz@xycorp.xyz;0123/4567871;0199/1234567871
1071;Kronfeld;Coral;Produktentwicklung;kronfeld@xycorp.xyz;0123/4567872;0199/1234567872
1072;Gino;Alejandra;Mediengestaltung;gino@xycorp.xyz;0123/4567873;0199/1234567873
1073;Fleeta;Jobi;Produktentwicklung;fleeta@xycorp.xyz;0123/4567874;0199/1234567874
1074;Carmena;Kittie;Buchhaltung;carmena@xycorp.xyz;0123/4567875;0199/1234567875
1075;Helfand;Aurelie;Projektmanagement;helfand@xycorp.xyz;0123/4567876;0199/1234567876
1076;Morehouse;Letizia;Produktentwicklung;morehouse@xycorp.xyz;0123/4567877;0199/1234567877
1077;Morgun;Sandie;Marketing;morgun@xycorp.xyz;0123/4567878;0199/1234567878
1078;Krystle;Ardeen;Projektmanagement;krystle@xycorp.xyz;0123/4567879;0199/1234567879
1079;Suzetta;Myrtice;Vertrieb;suzetta@xycorp.xyz;0123/4567880;0199/1234567880
1080;Mike;Deirdre;Produktentwicklung;mike@xycorp.xyz;0123/4567881;0199/1234567881
1081;Pozzy;Ann-Marie;Vertrieb;pozzy@xycorp.xyz;0123/4567882;0199/1234567882
1082;Tufts;Donnie;Softwareentwicklung;tufts@xycorp.xyz;0123/4567883;0199/1234567883
1083;Shaver;Laure;Produktentwicklung;shaver@xycorp.xyz;0123/4567884;0199/1234567884
1084;Plato;Babita;Teamleitung;plato@xycorp.xyz;0123/4567885;0199/1234567885
1085;Crudden;Stephanie;Vertrieb;crudden@xycorp.xyz;0123/4567886;0199/1234567886
1086;Kravits;Alleen;Softwareentwicklung;kravits@xycorp.xyz;0123/4567887;0199/1234567887
1087;McAdams;Lilith;Projektmanagement;mcadams@xycorp.xyz;0123/4567888;0199/1234567888
1088;Japeth;Romona;Mediengestaltung;japeth@xycorp.xyz;0123/4567889;0199/1234567889
1089;Deegan;Gabriellia;Projektmanagement;deegan@xycorp.xyz;0123/4567890;0199/1234567890
1090;Colbert;Wendi;Projektmanagement;colbert@xycorp.xyz;0123/4567891;0199/1234567891
1091;O'Rourke;Rebeca;Softwareentwicklung;orourke@xycorp.xyz;0123/4567892;0199/1234567892
1092;Schenck;Rozele;Produktentwicklung;schenck@xycorp.xyz;0123/4567893;0199/1234567893
1093;Lenny;Lita;Softwareentwicklung;lenny@xycorp.xyz;0123/4567894;0199/1234567894
1094;Vorster;Jennica;Buchhaltung;vorster@xycorp.xyz;0123/4567895;0199/1234567895
1095;Leopold;Jacquetta;Mediengestaltung;leopold@xycorp.xyz;0123/4567896;0199/1234567896
1096;Scammon;Kassey;Buchhaltung;scammon@xycorp.xyz;0123/4567897;0199/1234567897
1097;Linskey;Cissiee;Marketing;linskey@xycorp.xyz;0123/4567898;0199/1234567898
1098;Vastah;Minda;Mediengestaltung;vastah@xycorp.xyz;0123/4567899;0199/1234567899
1099;Bronk;Robinia;Buchhaltung;bronk@xycorp.xyz;0123/45678100;0199/12345678100
1100;Alisia;Laure;Projektmanagement;alisia@xycorp.xyz;0123/45678101;0199/12345678101
1101;Campball;Gwyneth;Softwareentwicklung;campball@xycorp.xyz;0123/45678102;0199/12345678102
1102;Roscoe;Heddie;Buchhaltung;roscoe@xycorp.xyz;0123/45678103;0199/12345678103
1103;Jacinda;Johna;Vertrieb;jacinda@xycorp.xyz;0123/45678104;0199/12345678104
1104;Buffum;Pollyanna;Marketing;buffum@xycorp.xyz;0123/45678105;0199/12345678105
1105;Aprile;Patricia;Mediengestaltung;aprile@xycorp.xyz;0123/45678106;0199/12345678106
1106;Goode;Ardeen;Marketing;goode@xycorp.xyz;0123/45678107;0199/12345678107
1107;Mozelle;Patricia;Marketing;mozelle@xycorp.xyz;0123/45678108;0199/12345678108
1108;Melony;Minne;Marketing;melony@xycorp.xyz;0123/45678109;0199/12345678109
1109;Germann;Donetta;Mediengestaltung;germann@xycorp.xyz;0123/45678110;0199/12345678110
1110;Hubert;Pierette;Vertrieb;hubert@xycorp.xyz;0123/45678111;0199/12345678111
1111;Dawkins;Almeta;Projektmanagement;dawkins@xycorp.xyz;0123/45678112;0199/12345678112
1112;Sawtelle;Zaria;Projektmanagement;sawtelle@xycorp.xyz;0123/45678113;0199/12345678113
1113;Henrie;Ketti;Produktentwicklung;henrie@xycorp.xyz;0123/45678114;0199/12345678114
1114;Constancy;Berta;Teamleitung;constancy@xycorp.xyz;0123/45678115;0199/12345678115
1115;Zrike;Marjie;Marketing;zrike@xycorp.xyz;0123/45678116;0199/12345678116
1116;Lea;Aurelie;Vertrieb;lea@xycorp.xyz;0123/45678117;0199/12345678117
1117;Read;Nickie;Buchhaltung;read@xycorp.xyz;0123/45678118;0199/12345678118
1118;Breed;Cassondra;Mediengestaltung;breed@xycorp.xyz;0123/45678119;0199/12345678119
1119;Llovera;Veda;Softwareentwicklung;llovera@xycorp.xyz;0123/45678120;0199/12345678120
1120;Leffen;Kristan;Softwareentwicklung;leffen@xycorp.xyz;0123/45678121;0199/12345678121
1121;Bearnard;Tybie;Mediengestaltung;bearnard@xycorp.xyz;0123/45678122;0199/12345678122
1122;Natica;Shannah;Teamleitung;natica@xycorp.xyz;0123/45678123;0199/12345678123
1123;Stilwell;Shaylyn;Teamleitung;stilwell@xycorp.xyz;0123/45678124;0199/12345678124
1124;Ailyn;Addia;Mediengestaltung;ailyn@xycorp.xyz;0123/45678125;0199/12345678125
1125;Dom;Morganica;Teamleitung;dom@xycorp.xyz;0123/45678126;0199/12345678126
1126;Jary;Babita;Teamleitung;jary@xycorp.xyz;0123/45678127;0199/12345678127
1127;Mata;Delilah;Teamleitung;mata@xycorp.xyz;0123/45678128;0199/12345678128
1128;Lenny;Edyth;Vertrieb;lenny@xycorp.xyz;0123/45678129;0199/12345678129
1129;Gemini;Adore;Teamleitung;gemini@xycorp.xyz;0123/45678130;0199/12345678130
1130;Nahum;Cam;Softwareentwicklung;nahum@xycorp.xyz;0123/45678131;0199/12345678131
1131;Vary;Veda;Marketing;vary@xycorp.xyz;0123/45678132;0199/12345678132
1132;Wildermuth;Wilma;Produktentwicklung;wildermuth@xycorp.xyz;0123/45678133;0199/12345678133
1133;Orelee;Cherilyn;Vertrieb;orelee@xycorp.xyz;0123/45678134;0199/12345678134
1134;Tacye;Sybille;Marketing;tacye@xycorp.xyz;0123/45678135;0199/12345678135
1135;Waldron;Althea;Softwareentwicklung;waldron@xycorp.xyz;0123/45678136;0199/12345678136
1136;Yusuk;Nelle;Buchhaltung;yusuk@xycorp.xyz;0123/45678137;0199/12345678137
1137;Adalbert;Aryn;Mediengestaltung;adalbert@xycorp.xyz;0123/45678138;0199/12345678138
1138;Margarete;Hayley;Marketing;margarete@xycorp.xyz;0123/45678139;0199/12345678139
1139;Obed;Farrah;Buchhaltung;obed@xycorp.xyz;0123/45678140;0199/12345678140
1140;Levey;Bibby;Projektmanagement;levey@xycorp.xyz;0123/45678141;0199/12345678141
1141;Martguerita;Alex;Buchhaltung;martguerita@xycorp.xyz;0123/45678142;0199/12345678142
1142;Haldas;Rhoda;Projektmanagement;haldas@xycorp.xyz;0123/45678143;0199/12345678143
1143;Ledah;Perry;Buchhaltung;ledah@xycorp.xyz;0123/45678144;0199/12345678144
1144;Codding;Carmela;Projektmanagement;codding@xycorp.xyz;0123/45678145;0199/12345678145
1145;Keily;Alia;Projektmanagement;keily@xycorp.xyz;0123/45678146;0199/12345678146
1146;Dudley;Caryl;Softwareentwicklung;dudley@xycorp.xyz;0123/45678147;0199/12345678147
1147;Publia;Ada;Teamleitung;publia@xycorp.xyz;0123/45678148;0199/12345678148
1148;Wesle;Genovera;Marketing;wesle@xycorp.xyz;0123/45678149;0199/12345678149
1149;Gerge;Ruthe;Projektmanagement;gerge@xycorp.xyz;0123/45678150;0199/12345678150
1150;Shaddock;Winny;Softwareentwicklung;shaddock@xycorp.xyz;0123/45678151;0199/12345678151
1151;Sammons;Belva;Vertrieb;sammons@xycorp.xyz;0123/45678152;0199/12345678152
1152;Virgin;Frances;Teamleitung;virgin@xycorp.xyz;0123/45678153;0199/12345678153
1153;Hortensia;Kassey;Vertrieb;hortensia@xycorp.xyz;0123/45678154;0199/12345678154
1154;Weaks;Kaia;Produktentwicklung;weaks@xycorp.xyz;0123/45678155;0199/12345678155
1155;Gombach;Latisha;Vertrieb;gombach@xycorp.xyz;0123/45678156;0199/12345678156
1156;Khorma;Wileen;Vertrieb;khorma@xycorp.xyz;0123/45678157;0199/12345678157
1157;Love;Meg;Produktentwicklung;love@xycorp.xyz;0123/45678158;0199/12345678158
1158;Fax;Roseline;Produktentwicklung;fax@xycorp.xyz;0123/45678159;0199/12345678159
1159;Kenwood;Kore;Marketing;kenwood@xycorp.xyz;0123/45678160;0199/12345678160
1160;Cecile;Lonnie;Projektmanagement;cecile@xycorp.xyz;0123/45678161;0199/12345678161
1161;Amadas;Ronna;Mediengestaltung;amadas@xycorp.xyz;0123/45678162;0199/12345678162
1162;Ophelia;Augustine;Produktentwicklung;ophelia@xycorp.xyz;0123/45678163;0199/12345678163
1163;Giff;Sharai;Projektmanagement;giff@xycorp.xyz;0123/45678164;0199/12345678164
1164;Barrus;Nickie;Produktentwicklung;barrus@xycorp.xyz;0123/45678165;0199/12345678165
1165;Natalia;Rhoda;Marketing;natalia@xycorp.xyz;0123/45678166;0199/12345678166
1166;Edee;Roberta;Teamleitung;edee@xycorp.xyz;0123/45678167;0199/12345678167
1167;Wolfgram;Dode;Softwareentwicklung;wolfgram@xycorp.xyz;0123/45678168;0199/12345678168
1168;Ellerey;Caryl;Softwareentwicklung;ellerey@xycorp.xyz;0123/45678169;0199/12345678169
1169;Kesley;Arlina;Vertrieb;kesley@xycorp.xyz;0123/45678170;0199/12345678170
1170;Creamer;Binny;Mediengestaltung;creamer@xycorp.xyz;0123/45678171;0199/12345678171
1171;Andrel;Tarra;Produktentwicklung;andrel@xycorp.xyz;0123/45678172;0199/12345678172
1172;Camden;Riannon;Buchhaltung;camden@xycorp.xyz;0123/45678173;0199/12345678173
1173;Giule;Lauryn;Mediengestaltung;giule@xycorp.xyz;0123/45678174;0199/12345678174
1174;Arquit;Paola;Produktentwicklung;arquit@xycorp.xyz;0123/45678175;0199/12345678175
1175;Ochs;Madelle;Projektmanagement;ochs@xycorp.xyz;0123/45678176;0199/12345678176
1176;Croix;Emelina;Produktentwicklung;croix@xycorp.xyz;0123/45678177;0199/12345678177
1177;Douglass;Dode;Mediengestaltung;douglass@xycorp.xyz;0123/45678178;0199/12345678178
1178;Sammons;Trudie;Projektmanagement;sammons@xycorp.xyz;0123/45678179;0199/12345678179
1179;Nelsen;Basia;Softwareentwicklung;nelsen@xycorp.xyz;0123/45678180;0199/12345678180
1180;Erich;Marguerite;Buchhaltung;erich@xycorp.xyz;0123/45678181;0199/12345678181
1181;Means;Sherrie;Mediengestaltung;means@xycorp.xyz;0123/45678182;0199/12345678182
1182;Suzetta;Vonny;Vertrieb;suzetta@xycorp.xyz;0123/45678183;0199/12345678183
1183;Jehu;Andree;Marketing;jehu@xycorp.xyz;0123/45678184;0199/12345678184
1184;Ajay;Marinna;Buchhaltung;ajay@xycorp.xyz;0123/45678185;0199/12345678185
1185;Zina;Ardenia;Projektmanagement;zina@xycorp.xyz;0123/45678186;0199/12345678186
1186;Crudden;Josephine;Teamleitung;crudden@xycorp.xyz;0123/45678187;0199/12345678187
1187;Haldas;Elvira;Mediengestaltung;haldas@xycorp.xyz;0123/45678188;0199/12345678188
1188;Cottle;Willetta;Softwareentwicklung;cottle@xycorp.xyz;0123/45678189;0199/12345678189
1189;Ax;Mariele;Buchhaltung;ax@xycorp.xyz;0123/45678190;0199/12345678190
1190;Hilbert;Lanna;Marketing;hilbert@xycorp.xyz;0123/45678191;0199/12345678191
1191;Brotherson;Kelly;Marketing;brotherson@xycorp.xyz;0123/45678192;0199/12345678192
1192;Magnolia;Mahalia;Mediengestaltung;magnolia@xycorp.xyz;0123/45678193;0199/12345678193
1193;Bury;Tarra;Vertrieb;bury@xycorp.xyz;0123/45678194;0199/12345678194
1194;Guthrie;Eolanda;Projektmanagement;guthrie@xycorp.xyz;0123/45678195;0199/12345678195
1195;Sibyls;Alexine;Projektmanagement;sibyls@xycorp.xyz;0123/45678196;0199/12345678196
1196;Wilona;Berta;Projektmanagement;wilona@xycorp.xyz;0123/45678197;0199/12345678197
1197;Dreda;Diena;Produktentwicklung;dreda@xycorp.xyz;0123/45678198;0199/12345678198
1198;Suanne;Belinda;Buchhaltung;suanne@xycorp.xyz;0123/45678199;0199/12345678199
1199;Hirsch;Clary;Projektmanagement;hirsch@xycorp.xyz;0123/45678200;0199/12345678200
1200;McClimans;Babita;Mediengestaltung;mcclimans@xycorp.xyz;0123/45678201;0199/12345678201
1201;Borrell;Daune;Projektmanagement;borrell@xycorp.xyz;0123/45678202;0199/12345678202
1202;Ferino;Jobi;Vertrieb;ferino@xycorp.xyz;0123/45678203;0199/12345678203
1203;Bendick;Raf;Produktentwicklung;bendick@xycorp.xyz;0123/45678204;0199/12345678204
1204;Plato;Gianina;Projektmanagement;plato@xycorp.xyz;0123/45678205;0199/12345678205
1205;Malanie;Chandra;Softwareentwicklung;malanie@xycorp.xyz;0123/45678206;0199/12345678206
1206;Linehan;Brana;Teamleitung;linehan@xycorp.xyz;0123/45678207;0199/12345678207
1207;Pip;Gretal;Softwareentwicklung;pip@xycorp.xyz;0123/45678208;0199/12345678208
1208;Philoo;Larine;Teamleitung;philoo@xycorp.xyz;0123/45678209;0199/12345678209
1209;Rudolph;Daryl;Softwareentwicklung;rudolph@xycorp.xyz;0123/45678210;0199/12345678210
1210;Goode;Pierette;Projektmanagement;goode@xycorp.xyz;0123/45678211;0199/12345678211
1211;Killigrew;Reeba;Projektmanagement;killigrew@xycorp.xyz;0123/45678212;0199/12345678212
1212;Dash;Candi;Buchhaltung;dash@xycorp.xyz;0123/45678213;0199/12345678213
1213;Cottle;Di;Projektmanagement;cottle@xycorp.xyz;0123/45678214;0199/12345678214
1214;Milson;Cindelyn;Softwareentwicklung;milson@xycorp.xyz;0123/45678215;0199/12345678215
1215;Paton;Cyb;Projektmanagement;paton@xycorp.xyz;0123/45678216;0199/12345678216
1216;Elvyn;Evita;Marketing;elvyn@xycorp.xyz;0123/45678217;0199/12345678217
1217;Wandie;Dyann;Projektmanagement;wandie@xycorp.xyz;0123/45678218;0199/12345678218
1218;Carbo;Genevra;Produktentwicklung;carbo@xycorp.xyz;0123/45678219;0199/12345678219
1219;Harned;Gwyneth;Marketing;harned@xycorp.xyz;0123/45678220;0199/12345678220
1220;Emerson;Collen;Marketing;emerson@xycorp.xyz;0123/45678221;0199/12345678221
1221;Wallis;Donetta;Softwareentwicklung;wallis@xycorp.xyz;0123/45678222;0199/12345678222
1222;Tomasina;Romona;Teamleitung;tomasina@xycorp.xyz;0123/45678223;0199/12345678223
1223;Horan;Edith;Projektmanagement;horan@xycorp.xyz;0123/45678224;0199/12345678224
1224;Dalli;Angela;Marketing;dalli@xycorp.xyz;0123/45678225;0199/12345678225
1225;Couture;Katuscha;Vertrieb;couture@xycorp.xyz;0123/45678226;0199/12345678226
1226;Adrienne;Bernardine;Buchhaltung;adrienne@xycorp.xyz;0123/45678227;0199/12345678227
1227;Jobi;Bernie;Buchhaltung;jobi@xycorp.xyz;0123/45678228;0199/12345678228
1228;Bergman;Meghann;Mediengestaltung;bergman@xycorp.xyz;0123/45678229;0199/12345678229
1229;Terencio;Kara-Lynn;Projektmanagement;terencio@xycorp.xyz;0123/45678230;0199/12345678230
1230;Vittoria;Dania;Mediengestaltung;vittoria@xycorp.xyz;0123/45678231;0199/12345678231
1231;Colbert;Averyl;Projektmanagement;colbert@xycorp.xyz;0123/45678232;0199/12345678232
1232;Travax;Cherrita;Projektmanagement;travax@xycorp.xyz;0123/45678233;0199/12345678233
1233;Kirbee;Deedee;Mediengestaltung;kirbee@xycorp.xyz;0123/45678234;0199/12345678234
1234;Avi;Pierette;Vertrieb;avi@xycorp.xyz;0123/45678235;0199/12345678235
1235;Hachmin;Imojean;Marketing;hachmin@xycorp.xyz;0123/45678236;0199/12345678236
1236;Alejoa;Krystle;Projektmanagement;alejoa@xycorp.xyz;0123/45678237;0199/12345678237
1237;Lytton;Agnese;Produktentwicklung;lytton@xycorp.xyz;0123/45678238;0199/12345678238
1238;Schenck;Christian;Vertrieb;schenck@xycorp.xyz;0123/45678239;0199/12345678239
1239;Sadowski;Hettie;Produktentwicklung;sadowski@xycorp.xyz;0123/45678240;0199/12345678240
1240;Socha;Marylou;Produktentwicklung;socha@xycorp.xyz;0123/45678241;0199/12345678241
1241;Bury;Oona;Mediengestaltung;bury@xycorp.xyz;0123/45678242;0199/12345678242
1242;Joseph;Janeczka;Mediengestaltung;joseph@xycorp.xyz;0123/45678243;0199/12345678243
1243;Cleavland;Brietta;Marketing;cleavland@xycorp.xyz;0123/45678244;0199/12345678244
1244;Papageno;Marylou;Marketing;papageno@xycorp.xyz;0123/45678245;0199/12345678245
1245;Anyah;Melisent;Buchhaltung;anyah@xycorp.xyz;0123/45678246;0199/12345678246
1246;Adlare;Adriana;Buchhaltung;adlare@xycorp.xyz;0123/45678247;0199/12345678247
1247;Idelia;Margalo;Teamleitung;idelia@xycorp.xyz;0123/45678248;0199/12345678248
1248;Poppy;Brynna;Buchhaltung;poppy@xycorp.xyz;0123/45678249;0199/12345678249
1249;Lynn;Tori;Vertrieb;lynn@xycorp.xyz;0123/45678250;0199/12345678250
1250;Edmund;Jenilee;Teamleitung;edmund@xycorp.xyz;0123/45678251;0199/12345678251
1251;Fancie;Johna;Softwareentwicklung;fancie@xycorp.xyz;0123/45678252;0199/12345678252
1252;Tufts;Alexine;Softwareentwicklung;tufts@xycorp.xyz;0123/45678253;0199/12345678253
1253;Catie;Lorenza;Projektmanagement;catie@xycorp.xyz;0123/45678254;0199/12345678254
1254;Warthman;Allis;Vertrieb;warthman@xycorp.xyz;0123/45678255;0199/12345678255
1255;Lacombe;Frieda;Teamleitung;lacombe@xycorp.xyz;0123/45678256;0199/12345678256
1256;Hurley;Annaliese;Teamleitung;hurley@xycorp.xyz;0123/45678257;0199/12345678257
1257;Angelis;Peri;Projektmanagement;angelis@xycorp.xyz;0123/45678258;0199/12345678258
1258;Breed;Josephine;Softwareentwicklung;breed@xycorp.xyz;0123/45678259;0199/12345678259
1259;Autrey;Riannon;Mediengestaltung;autrey@xycorp.xyz;0123/45678260;0199/12345678260
1260;Iphlgenia;Shirlee;Softwareentwicklung;iphlgenia@xycorp.xyz;0123/45678261;0199/12345678261
1261;Morgun;Atlanta;Projektmanagement;morgun@xycorp.xyz;0123/45678262;0199/12345678262
1262;Chick;Teriann;Marketing;chick@xycorp.xyz;0123/45678263;0199/12345678263
1263;Behre;Karena;Vertrieb;behre@xycorp.xyz;0123/45678264;0199/12345678264
1264;Uund;Tani;Projektmanagement;uund@xycorp.xyz;0123/45678265;0199/12345678265
1265;Hanleigh;Lauryn;Softwareentwicklung;hanleigh@xycorp.xyz;0123/45678266;0199/12345678266
1266;Baptlsta;Evaleen;Teamleitung;baptlsta@xycorp.xyz;0123/45678267;0199/12345678267
1267;Fennessy;Meriel;Buchhaltung;fennessy@xycorp.xyz;0123/45678268;0199/12345678268
1268;Hubert;Fina;Projektmanagement;hubert@xycorp.xyz;0123/45678269;0199/12345678269
1269;Adalbert;Corene;Teamleitung;adalbert@xycorp.xyz;0123/45678270;0199/12345678270
1270;Durware;Marcy;Vertrieb;durware@xycorp.xyz;0123/45678271;0199/12345678271
1271;Moina;Cyndie;Produktentwicklung;moina@xycorp.xyz;0123/45678272;0199/12345678272
1272;Egbert;Orelia;Buchhaltung;egbert@xycorp.xyz;0123/45678273;0199/12345678273
1273;Annice;Max;Vertrieb;annice@xycorp.xyz;0123/45678274;0199/12345678274
1274;McAdams;Norine;Mediengestaltung;mcadams@xycorp.xyz;0123/45678275;0199/12345678275
1275;Gillan;Demetris;Projektmanagement;gillan@xycorp.xyz;0123/45678276;0199/12345678276
1276;Sibyls;Shauna;Vertrieb;sibyls@xycorp.xyz;0123/45678277;0199/12345678277
1277;Karl;Gusella;Vertrieb;karl@xycorp.xyz;0123/45678278;0199/12345678278
1278;Zitvaa;Ezmeralda;Buchhaltung;zitvaa@xycorp.xyz;0123/45678279;0199/12345678279
1279;Manolo;Rori;Produktentwicklung;manolo@xycorp.xyz;0123/45678280;0199/12345678280
1280;Greenwald;Gilligan;Buchhaltung;greenwald@xycorp.xyz;0123/45678281;0199/12345678281
1281;Byrne;Marline;Projektmanagement;byrne@xycorp.xyz;0123/45678282;0199/12345678282
1282;Infield;Marsiella;Vertrieb;infield@xycorp.xyz;0123/45678283;0199/12345678283
1283;Lubin;Myrtice;Marketing;lubin@xycorp.xyz;0123/45678284;0199/12345678284
1284;Camden;Fanny;Softwareentwicklung;camden@xycorp.xyz;0123/45678285;0199/12345678285
1285;Voletta;Livvyy;Vertrieb;voletta@xycorp.xyz;0123/45678286;0199/12345678286
1286;Bearnard;Justinn;Softwareentwicklung;bearnard@xycorp.xyz;0123/45678287;0199/12345678287
1287;Johnsson;Beatriz;Buchhaltung;johnsson@xycorp.xyz;0123/45678288;0199/12345678288
1288;Noam;Frank;Produktentwicklung;noam@xycorp.xyz;0123/45678289;0199/12345678289
1289;Berl;Bee;Projektmanagement;berl@xycorp.xyz;0123/45678290;0199/12345678290
1290;Travax;Isa;Softwareentwicklung;travax@xycorp.xyz;0123/45678291;0199/12345678291
1291;Tomasina;Ariela;Buchhaltung;tomasina@xycorp.xyz;0123/45678292;0199/12345678292
1292;Grimbly;Adelle;Teamleitung;grimbly@xycorp.xyz;0123/45678293;0199/12345678293
1293;Vins;Daphne;Mediengestaltung;vins@xycorp.xyz;0123/45678294;0199/12345678294
1294;Francyne;Chastity;Buchhaltung;francyne@xycorp.xyz;0123/45678295;0199/12345678295
1295;Kaja;Ann-Marie;Teamleitung;kaja@xycorp.xyz;0123/45678296;0199/12345678296
1296;Ade;Beverley;Projektmanagement;ade@xycorp.xyz;0123/45678297;0199/12345678297
1297;Arquit;Kathi;Projektmanagement;arquit@xycorp.xyz;0123/45678298;0199/12345678298
1298;Jacinda;Cordi;Projektmanagement;jacinda@xycorp.xyz;0123/45678299;0199/12345678299
1299;Brieta;Moyna;Marketing;brieta@xycorp.xyz;0123/45678300;0199/12345678300
1300;Gavrila;Madelle;Softwareentwicklung;gavrila@xycorp.xyz;0123/45678301;0199/12345678301
1301;Bury;Alie;Buchhaltung;bury@xycorp.xyz;0123/45678302;0199/12345678302
1302;Richers;Alex;Softwareentwicklung;richers@xycorp.xyz;0123/45678303;0199/12345678303
1303;Noelyn;Vita;Mediengestaltung;noelyn@xycorp.xyz;0123/45678304;0199/12345678304
1304;Cavan;Randa;Vertrieb;cavan@xycorp.xyz;0123/45678305;0199/12345678305
1305;Howlyn;Angelique;Mediengestaltung;howlyn@xycorp.xyz;0123/45678306;0199/12345678306
1306;Kellby;Dawn;Teamleitung;kellby@xycorp.xyz;0123/45678307;0199/12345678307
1307;Lutero;Brynna;Teamleitung;lutero@xycorp.xyz;0123/45678308;0199/12345678308
1308;Ulphia;Augustine;Marketing;ulphia@xycorp.xyz;0123/45678309;0199/12345678309
1309;Terencio;Tami;Projektmanagement;terencio@xycorp.xyz;0123/45678310;0199/12345678310
1310;Croix;Susan;Buchhaltung;croix@xycorp.xyz;0123/45678311;0199/12345678311
1311;Natalia;Yolane;Projektmanagement;natalia@xycorp.xyz;0123/45678312;0199/12345678312
1312;Frodi;Melanie;Projektmanagement;frodi@xycorp.xyz;0123/45678313;0199/12345678313
1313;Margret;Frances;Projektmanagement;margret@xycorp.xyz;0123/45678314;0199/12345678314
1314;Fontana;Rori;Vertrieb;fontana@xycorp.xyz;0123/45678315;0199/12345678315
1315;Fulmer;Mallory;Softwareentwicklung;fulmer@xycorp.xyz;0123/45678316;0199/12345678316
1316;Obed;Cathyleen;Buchhaltung;obed@xycorp.xyz;0123/45678317;0199/12345678317
1317;Pitt;Doralynne;Vertrieb;pitt@xycorp.xyz;0123/45678318;0199/12345678318
1318;Trey;Brena;Projektmanagement;trey@xycorp.xyz;0123/45678319;0199/12345678319
1319;Lasley;Jessy;Projektmanagement;lasley@xycorp.xyz;0123/45678320;0199/12345678320
1320;Anselmi;Verla;Teamleitung;anselmi@xycorp.xyz;0123/45678321;0199/12345678321
1321;Malanie;Janey;Vertrieb;malanie@xycorp.xyz;0123/45678322;0199/12345678322
1322;Ball;Rosanne;Produktentwicklung;ball@xycorp.xyz;0123/45678323;0199/12345678323
1323;Shelba;Collen;Mediengestaltung;shelba@xycorp.xyz;0123/45678324;0199/12345678324
1324;Brunell;Emilia;Projektmanagement;brunell@xycorp.xyz;0123/45678325;0199/12345678325
1325;Kiersten;Anthia;Mediengestaltung;kiersten@xycorp.xyz;0123/45678326;0199/12345678326
1326;Aloise;Silvana;Vertrieb;aloise@xycorp.xyz;0123/45678327;0199/12345678327
1327;Gladstone;Trudie;Teamleitung;gladstone@xycorp.xyz;0123/45678328;0199/12345678328
1328;Tryck;Melodie;Produktentwicklung;tryck@xycorp.xyz;0123/45678329;0199/12345678329
1329;Jefferey;Fawne;Softwareentwicklung;jefferey@xycorp.xyz;0123/45678330;0199/12345678330
1330;Alva;Rosabelle;Produktentwicklung;alva@xycorp.xyz;0123/45678331;0199/12345678331
1331;Stoller;Jillayne;Marketing;stoller@xycorp.xyz;0123/45678332;0199/12345678332
1332;Sigfrid;Maurene;Marketing;sigfrid@xycorp.xyz;0123/45678333;0199/12345678333
1333;Klotz;Brena;Buchhaltung;klotz@xycorp.xyz;0123/45678334;0199/12345678334
1334;Halsey;Lanae;Softwareentwicklung;halsey@xycorp.xyz;0123/45678335;0199/12345678335
1335;Persse;Catrina;Vertrieb;persse@xycorp.xyz;0123/45678336;0199/12345678336
1336;Lalitta;Carolina;Buchhaltung;lalitta@xycorp.xyz;0123/45678337;0199/12345678337
1337;Hirsch;Ottilie;Projektmanagement;hirsch@xycorp.xyz;0123/45678338;0199/12345678338
1338;Devlen;Lucille;Vertrieb;devlen@xycorp.xyz;0123/45678339;0199/12345678339
1339;Dyche;Dari;Vertrieb;dyche@xycorp.xyz;0123/45678340;0199/12345678340
1340;Berard;Katharina;Buchhaltung;berard@xycorp.xyz;0123/45678341;0199/12345678341
1341;Malina;Genevra;Teamleitung;malina@xycorp.xyz;0123/45678342;0199/12345678342
1342;Alexandr;Estell;Teamleitung;alexandr@xycorp.xyz;0123/45678343;0199/12345678343
1343;Corilla;Briney;Vertrieb;corilla@xycorp.xyz;0123/45678344;0199/12345678344
1344;Therine;Trixi;Vertrieb;therine@xycorp.xyz;0123/45678345;0199/12345678345
1345;Fadiman;Candy;Softwareentwicklung;fadiman@xycorp.xyz;0123/45678346;0199/12345678346
1346;Calhoun;Sidoney;Softwareentwicklung;calhoun@xycorp.xyz;0123/45678347;0199/12345678347
1347;Gusella;Anestassia;Vertrieb;gusella@xycorp.xyz;0123/45678348;0199/12345678348
1348;Maiah;Caressa;Mediengestaltung;maiah@xycorp.xyz;0123/45678349;0199/12345678349
1349;Stav;Coral;Mediengestaltung;stav@xycorp.xyz;0123/45678350;0199/12345678350
1350;Rustice;Talya;Softwareentwicklung;rustice@xycorp.xyz;0123/45678351;0199/12345678351
1351;Hillel;Hallie;Softwareentwicklung;hillel@xycorp.xyz;0123/45678352;0199/12345678352
1352;Ezar;Steffane;Mediengestaltung;ezar@xycorp.xyz;0123/45678353;0199/12345678353
1353;Gemini;Feliza;Teamleitung;gemini@xycorp.xyz;0123/45678354;0199/12345678354
1354;Deegan;Brooks;Teamleitung;deegan@xycorp.xyz;0123/45678355;0199/12345678355
1355;Lay;Charmaine;Vertrieb;lay@xycorp.xyz;0123/45678356;0199/12345678356
1356;Nedrud;Glenda;Vertrieb;nedrud@xycorp.xyz;0123/45678357;0199/12345678357
1357;Bollay;Abbie;Marketing;bollay@xycorp.xyz;0123/45678358;0199/12345678358
1358;Afton;Fanny;Projektmanagement;afton@xycorp.xyz;0123/45678359;0199/12345678359
1359;Kalinda;Fayre;Vertrieb;kalinda@xycorp.xyz;0123/45678360;0199/12345678360
1360;Xerxes;Leona;Produktentwicklung;xerxes@xycorp.xyz;0123/45678361;0199/12345678361
1361;Brunell;Tilly;Buchhaltung;brunell@xycorp.xyz;0123/45678362;0199/12345678362
1362;Carey;Bee;Projektmanagement;carey@xycorp.xyz;0123/45678363;0199/12345678363
1363;Ephrem;Aurelie;Vertrieb;ephrem@xycorp.xyz;0123/45678364;0199/12345678364
1364;Callista;Stevana;Projektmanagement;callista@xycorp.xyz;0123/45678365;0199/12345678365
1365;Medrek;Celisse;Projektmanagement;medrek@xycorp.xyz;0123/45678366;0199/12345678366
1366;Leifeste;Zaria;Projektmanagement;leifeste@xycorp.xyz;0123/45678367;0199/12345678367
1367;Ingra;Dorthy;Buchhaltung;ingra@xycorp.xyz;0123/45678368;0199/12345678368
1368;Vins;Fanchon;Teamleitung;vins@xycorp.xyz;0123/45678369;0199/12345678369
1369;Tillford;Ida;Marketing;tillford@xycorp.xyz;0123/45678370;0199/12345678370
1370;Jena;June;Buchhaltung;jena@xycorp.xyz;0123/45678371;0199/12345678371
1371;Syd;Nanete;Marketing;syd@xycorp.xyz;0123/45678372;0199/12345678372
1372;Georgy;Briney;Marketing;georgy@xycorp.xyz;0123/45678373;0199/12345678373
1373;Ochs;Evita;Marketing;ochs@xycorp.xyz;0123/45678374;0199/12345678374
1374;Pyle;Betta;Projektmanagement;pyle@xycorp.xyz;0123/45678375;0199/12345678375
1375;Ball;Dede;Mediengestaltung;ball@xycorp.xyz;0123/45678376;0199/12345678376
1376;Grobe;Shaine;Buchhaltung;grobe@xycorp.xyz;0123/45678377;0199/12345678377
1377;Kaja;Tersina;Mediengestaltung;kaja@xycorp.xyz;0123/45678378;0199/12345678378
1378;Dalli;Nadine;Buchhaltung;dalli@xycorp.xyz;0123/45678379;0199/12345678379
1379;Howlyn;Nananne;Mediengestaltung;howlyn@xycorp.xyz;0123/45678380;0199/12345678380
1380;Juan;Jany;Mediengestaltung;juan@xycorp.xyz;0123/45678381;0199/12345678381
1381;Aprile;Lorne;Produktentwicklung;aprile@xycorp.xyz;0123/45678382;0199/12345678382
1382;Heisel;Genovera;Mediengestaltung;heisel@xycorp.xyz;0123/45678383;0199/12345678383
1383;Naor;Dode;Mediengestaltung;naor@xycorp.xyz;0123/45678384;0199/12345678384
1384;Agle;Doralynne;Buchhaltung;agle@xycorp.xyz;0123/45678385;0199/12345678385
1385;Hanleigh;Mady;Buchhaltung;hanleigh@xycorp.xyz;0123/45678386;0199/12345678386
1386;Letsou;Charmaine;Mediengestaltung;letsou@xycorp.xyz;0123/45678387;0199/12345678387
1387;Gemini;Nataline;Vertrieb;gemini@xycorp.xyz;0123/45678388;0199/12345678388
1388;Scammon;Tani;Vertrieb;scammon@xycorp.xyz;0123/45678389;0199/12345678389
1389;Dichy;Albertina;Buchhaltung;dichy@xycorp.xyz;0123/45678390;0199/12345678390
1390;Libna;Gratia;Softwareentwicklung;libna@xycorp.xyz;0123/45678391;0199/12345678391
1391;Swanhildas;Ayn;Vertrieb;swanhildas@xycorp.xyz;0123/45678392;0199/12345678392
1392;Harl;Binny;Projektmanagement;harl@xycorp.xyz;0123/45678393;0199/12345678393
1393;Stoller;Netty;Marketing;stoller@xycorp.xyz;0123/45678394;0199/12345678394
1394;Rosette;Sybille;Marketing;rosette@xycorp.xyz;0123/45678395;0199/12345678395
1395;Nadia;Kassey;Marketing;nadia@xycorp.xyz;0123/45678396;0199/12345678396
1396;Baptlsta;Karly;Produktentwicklung;baptlsta@xycorp.xyz;0123/45678397;0199/12345678397
1397;Crudden;Candi;Mediengestaltung;crudden@xycorp.xyz;0123/45678398;0199/12345678398
1398;Edmund;Helena;Teamleitung;edmund@xycorp.xyz;0123/45678399;0199/12345678399
1399;Mich;Codie;Softwareentwicklung;mich@xycorp.xyz;0123/45678400;0199/12345678400
1400;Chabot;Elsie;Softwareentwicklung;chabot@xycorp.xyz;0123/45678401;0199/12345678401
1401;Jillane;Cassondra;Teamleitung;jillane@xycorp.xyz;0123/45678402;0199/12345678402
1402;Mitzi;Chloris;Vertrieb;mitzi@xycorp.xyz;0123/45678403;0199/12345678403
1403;Othilia;Rochette;Produktentwicklung;othilia@xycorp.xyz;0123/45678404;0199/12345678404
1404;Beniamino;Lauryn;Produktentwicklung;beniamino@xycorp.xyz;0123/45678405;0199/12345678405
1405;Lia;Petronia;Projektmanagement;lia@xycorp.xyz;0123/45678406;0199/12345678406
1406;Nedrud;Maridel;Marketing;nedrud@xycorp.xyz;0123/45678407;0199/12345678407
1407;Hanleigh;Ardeen;Marketing;hanleigh@xycorp.xyz;0123/45678408;0199/12345678408
1408;Schalles;Ana;Projektmanagement;schalles@xycorp.xyz;0123/45678409;0199/12345678409
1409;Nadia;Ottilie;Produktentwicklung;nadia@xycorp.xyz;0123/45678410;0199/12345678410
1410;Georas;Myrtice;Produktentwicklung;georas@xycorp.xyz;0123/45678411;0199/12345678411
1411;McCutcheon;Merrie;Projektmanagement;mccutcheon@xycorp.xyz;0123/45678412;0199/12345678412
1412;Peti;Kore;Softwareentwicklung;peti@xycorp.xyz;0123/45678413;0199/12345678413
1413;Garlinda;Lusa;Produktentwicklung;garlinda@xycorp.xyz;0123/45678414;0199/12345678414
1414;Raul;Lily;Softwareentwicklung;raul@xycorp.xyz;0123/45678415;0199/12345678415
1415;Dorcy;Kassey;Buchhaltung;dorcy@xycorp.xyz;0123/45678416;0199/12345678416
1416;Tamsky;Wileen;Softwareentwicklung;tamsky@xycorp.xyz;0123/45678417;0199/12345678417
1417;Skell;Tamqrah;Marketing;skell@xycorp.xyz;0123/45678418;0199/12345678418
1418;Gladstone;Olwen;Projektmanagement;gladstone@xycorp.xyz;0123/45678419;0199/12345678419
1419;Cynar;Winifred;Softwareentwicklung;cynar@xycorp.xyz;0123/45678420;0199/12345678420
1420;Gwenore;Mignon;Buchhaltung;gwenore@xycorp.xyz;0123/45678421;0199/12345678421
1421;Ferrell;Noelle;Produktentwicklung;ferrell@xycorp.xyz;0123/45678422;0199/12345678422
1422;Stephie;Heida;Teamleitung;stephie@xycorp.xyz;0123/45678423;0199/12345678423
1423;Etom;Audrie;Produktentwicklung;etom@xycorp.xyz;0123/45678424;0199/12345678424
1424;Seumas;Tori;Produktentwicklung;seumas@xycorp.xyz;0123/45678425;0199/12345678425
1425;Pitt;Janis;Teamleitung;pitt@xycorp.xyz;0123/45678426;0199/12345678426
1426;Daniele;Tamqrah;Teamleitung;daniele@xycorp.xyz;0123/45678427;0199/12345678427
1427;Phyllis;Danny;Projektmanagement;phyllis@xycorp.xyz;0123/45678428;0199/12345678428
1428;Shields;Orsola;Softwareentwicklung;shields@xycorp.xyz;0123/45678429;0199/12345678429
1429;Ciapas;Cissiee;Mediengestaltung;ciapas@xycorp.xyz;0123/45678430;0199/12345678430
1430;Shanley;Livvyy;Mediengestaltung;shanley@xycorp.xyz;0123/45678431;0199/12345678431
1431;Cecile;Gilligan;Buchhaltung;cecile@xycorp.xyz;0123/45678432;0199/12345678432
1432;Lacombe;Zaria;Buchhaltung;lacombe@xycorp.xyz;0123/45678433;0199/12345678433
1433;Gemini;Stevana;Teamleitung;gemini@xycorp.xyz;0123/45678434;0199/12345678434
1434;Elbertina;Elvira;Vertrieb;elbertina@xycorp.xyz;0123/45678435;0199/12345678435
1435;Zola;Daphne;Softwareentwicklung;zola@xycorp.xyz;0123/45678436;0199/12345678436
1436;Nester;Jemie;Mediengestaltung;nester@xycorp.xyz;0123/45678437;0199/12345678437
1437;Pierette;Concettina;Softwareentwicklung;pierette@xycorp.xyz;0123/45678438;0199/12345678438
1438;Giff;Gratia;Mediengestaltung;giff@xycorp.xyz;0123/45678439;0199/12345678439
1439;Millda;Daryl;Buchhaltung;millda@xycorp.xyz;0123/45678440;0199/12345678440
1440;Bord;Jeanna;Projektmanagement;bord@xycorp.xyz;0123/45678441;0199/12345678441
1441;Ball;Siana;Projektmanagement;ball@xycorp.xyz;0123/45678442;0199/12345678442
1442;Nore;Ellette;Buchhaltung;nore@xycorp.xyz;0123/45678443;0199/12345678443
1443;Haldas;Lynnea;Projektmanagement;haldas@xycorp.xyz;0123/45678444;0199/12345678444
1444;Kendrick;Winifred;Vertrieb;kendrick@xycorp.xyz;0123/45678445;0199/12345678445
1445;Percy;Anthia;Mediengestaltung;percy@xycorp.xyz;0123/45678446;0199/12345678446
1446;Kristi;Brynna;Softwareentwicklung;kristi@xycorp.xyz;0123/45678447;0199/12345678447
1447;Tice;Evaleen;Mediengestaltung;tice@xycorp.xyz;0123/45678448;0199/12345678448
1448;Elo;Nerta;Buchhaltung;elo@xycorp.xyz;0123/45678449;0199/12345678449
1449;Mauer;Rhea;Teamleitung;mauer@xycorp.xyz;0123/45678450;0199/12345678450
1450;Kristi;Jorry;Mediengestaltung;kristi@xycorp.xyz;0123/45678451;0199/12345678451
1451;Olympium;Steffane;Buchhaltung;olympium@xycorp.xyz;0123/45678452;0199/12345678452
1452;Fredi;Maridel;Buchhaltung;fredi@xycorp.xyz;0123/45678453;0199/12345678453
1453;Fosque;Farrah;Softwareentwicklung;fosque@xycorp.xyz;0123/45678454;0199/12345678454
1454;Laurianne;Steffane;Produktentwicklung;laurianne@xycorp.xyz;0123/45678455;0199/12345678455
1455;Gilbertson;Estell;Produktentwicklung;gilbertson@xycorp.xyz;0123/45678456;0199/12345678456
1456;Earlie;Annora;Softwareentwicklung;earlie@xycorp.xyz;0123/45678457;0199/12345678457
1457;Georgy;Danny;Marketing;georgy@xycorp.xyz;0123/45678458;0199/12345678458
1458;Gaal;Reeba;Vertrieb;gaal@xycorp.xyz;0123/45678459;0199/12345678459
1459;Mathilde;Nerta;Mediengestaltung;mathilde@xycorp.xyz;0123/45678460;0199/12345678460
1460;Nisbet;Dawn;Vertrieb;nisbet@xycorp.xyz;0123/45678461;0199/12345678461
1461;Stilwell;Monika;Projektmanagement;stilwell@xycorp.xyz;0123/45678462;0199/12345678462
1462;Juan;Babita;Projektmanagement;juan@xycorp.xyz;0123/45678463;0199/12345678463
1463;Bibi;Alameda;Mediengestaltung;bibi@xycorp.xyz;0123/45678464;0199/12345678464
1464;Niccolo;Elmira;Mediengestaltung;niccolo@xycorp.xyz;0123/45678465;0199/12345678465
1465;Carmena;Kaja;Buchhaltung;carmena@xycorp.xyz;0123/45678466;0199/12345678466
1466;Revkah;Lauryn;Teamleitung;revkah@xycorp.xyz;0123/45678467;0199/12345678467
1467;Carleen;Andeee;Buchhaltung;carleen@xycorp.xyz;0123/45678468;0199/12345678468
1468;Elephus;Concettina;Produktentwicklung;elephus@xycorp.xyz;0123/45678469;0199/12345678469
1469;Bouchard;Dania;Teamleitung;bouchard@xycorp.xyz;0123/45678470;0199/12345678470
1470;Vittoria;Bobinette;Teamleitung;vittoria@xycorp.xyz;0123/45678471;0199/12345678471
1471;Tiffa;Angela;Vertrieb;tiffa@xycorp.xyz;0123/45678472;0199/12345678472
1472;Evvie;Angela;Buchhaltung;evvie@xycorp.xyz;0123/45678473;0199/12345678473
1473;Phaidra;Norine;Mediengestaltung;phaidra@xycorp.xyz;0123/45678474;0199/12345678474
1474;Gladstone;Jessy;Produktentwicklung;gladstone@xycorp.xyz;0123/45678475;0199/12345678475
1475;Aaberg;Heida;Marketing;aaberg@xycorp.xyz;0123/45678476;0199/12345678476
1476;Keily;Ellette;Vertrieb;keily@xycorp.xyz;0123/45678477;0199/12345678477
1477;Bivins;Michaelina;Mediengestaltung;bivins@xycorp.xyz;0123/45678478;0199/12345678478
1478;Dominy;Cecile;Produktentwicklung;dominy@xycorp.xyz;0123/45678479;0199/12345678479
1479;Gaynor;Kial;Produktentwicklung;gaynor@xycorp.xyz;0123/45678480;0199/12345678480
1480;Pernick;Blake;Mediengestaltung;pernick@xycorp.xyz;0123/45678481;0199/12345678481
1481;Bebe;Carolina;Vertrieb;bebe@xycorp.xyz;0123/45678482;0199/12345678482
1482;Eachern;Jinny;Projektmanagement;eachern@xycorp.xyz;0123/45678483;0199/12345678483
1483;Buttaro;Quintina;Softwareentwicklung;buttaro@xycorp.xyz;0123/45678484;0199/12345678484
1484;Myrilla;Lorne;Marketing;myrilla@xycorp.xyz;0123/45678485;0199/12345678485
1485;Ingra;Dulcinea;Vertrieb;ingra@xycorp.xyz;0123/45678486;0199/12345678486
1486;Martguerita;Leontine;Vertrieb;martguerita@xycorp.xyz;0123/45678487;0199/12345678487
1487;Leler;Marsiella;Marketing;leler@xycorp.xyz;0123/45678488;0199/12345678488
1488;Bouchard;Estell;Softwareentwicklung;bouchard@xycorp.xyz;0123/45678489;0199/12345678489
1489;Chinua;Emelina;Marketing;chinua@xycorp.xyz;0123/45678490;0199/12345678490
1490;Medrek;Stephanie;Marketing;medrek@xycorp.xyz;0123/45678491;0199/12345678491
1491;Ivens;Justinn;Vertrieb;ivens@xycorp.xyz;0123/45678492;0199/12345678492
1492;Boycey;Harmonia;Produktentwicklung;boycey@xycorp.xyz;0123/45678493;0199/12345678493
1493;Sholley;Regina;Teamleitung;sholley@xycorp.xyz;0123/45678494;0199/12345678494
1494;Rosemary;Gilligan;Vertrieb;rosemary@xycorp.xyz;0123/45678495;0199/12345678495
1495;Oneida;Gaylene;Teamleitung;oneida@xycorp.xyz;0123/45678496;0199/12345678496
1496;Riva;Andree;Vertrieb;riva@xycorp.xyz;0123/45678497;0199/12345678497
1497;Dielu;Bernie;Teamleitung;dielu@xycorp.xyz;0123/45678498;0199/12345678498
1498;Gordon;Ardenia;Marketing;gordon@xycorp.xyz;0123/45678499;0199/12345678499
1499;Hirsch;Sarette;Buchhaltung;hirsch@xycorp.xyz;0123/45678500;0199/12345678500
1500;Kunin;Fanny;Mediengestaltung;kunin@xycorp.xyz;0123/45678501;0199/12345678501
1501;Secrest;Belinda;Softwareentwicklung;secrest@xycorp.xyz;0123/45678502;0199/12345678502
1502;Roscoe;Blondelle;Produktentwicklung;roscoe@xycorp.xyz;0123/45678503;0199/12345678503
1503;Kalinda;Dede;Buchhaltung;kalinda@xycorp.xyz;0123/45678504;0199/12345678504
1504;Gamaliel;Aurore;Teamleitung;gamaliel@xycorp.xyz;0123/45678505;0199/12345678505
1505;Dermott;Marguerite;Marketing;dermott@xycorp.xyz;0123/45678506;0199/12345678506
1506;Bouchard;Ericka;Marketing;bouchard@xycorp.xyz;0123/45678507;0199/12345678507
1507;Destinee;Dyann;Marketing;destinee@xycorp.xyz;0123/45678508;0199/12345678508
1508;Hortensia;Krystle;Mediengestaltung;hortensia@xycorp.xyz;0123/45678509;0199/12345678509